cod_sii,cut,comuna
5101,05201,Isla de Pascua
5201,05401,La Ligua
5202,05404,Petorca
5203,05402,Cabildo
5204,05405,Zapallar
5205,05403,Papudo
5301,05101,Valparaíso
5302,05109,Viña del Mar
5303,05804,Villa Alemana
5304,05801,Quilpué
5305,05102,Casablanca
5306,05107,Quintero
5307,05105,Puchuncaví
5308,05104,Juan Fernández
5309,05103,Concón
5401,05601,San Antonio
5402,05606,Santo Domingo
5403,05603,Cartagena
5404,05605,El Tabo
5405,05604,El Quisco
5406,05602,Algarrobo
5501,05501,Quillota
5502,05506,Nogales
5503,05503,Hijuelas
5504,05502,Calera
5505,05504,La Cruz
5506,05802,Limache
5507,05803,Olmué
5601,05701,San Felipe
5602,05704,Panquehue
5603,05702,Catemu
5604,05705,Putaendo
5605,05706,Santa María
5606,05703,Llaillay
5701,05301,Los Andes
5702,05302,Calle Larga
5703,05304,San Esteban
5704,05303,Rinconada
9101,09201,Angol
9102,09208,Purén
9103,09206,Los Sauces
9104,09209,Renaico
9105,09202,Collipulli
9106,09204,Ercilla
9107,09210,Traiguén
9108,09207,Lumaco
9109,09211,Victoria
9110,09203,Curacautín
9111,09205,Lonquimay
9201,09101,Temuco
9202,09119,Vilcún
9203,09105,Freire
9204,09103,Cunco
9205,09108,Lautaro
9206,09113,Perquenco
9207,09106,Galvarino
9208,09111,Nueva Imperial
9209,09102,Carahue
9210,09116,Saavedra
9211,09114,Pitrufquén
9212,09107,Gorbea
9213,09118,Toltén
9215,09120,Villarrica
9216,09115,Pucón
9217,09110,Melipeuco
9218,09104,Curarrehue
9219,09117,Teodoro Schmidt
9220,09112,Padre Las Casas
9221,09121,Cholchol
10101,14101,Valdivia
10102,14106,Mariquina
10103,14103,Lanco
10104,14104,Los Lagos
10105,14202,Futrono
10106,14102,Corral
10107,14105,Máfil
10108,14108,Panguipulli
10109,14201,La Unión
10110,14107,Paillaco
10111,14204,Río Bueno
10112,14203,Lago Ranco
